﻿pos_x,pos_y,rotation,side,designator,mpn,pack,footprint,value,mount_type
142.24,-134.62,90.0,top,BMP280_breakout1,,,PinHeader_1x06_P2.54mm_Vertical,~,tht
124.46,-81.28,0.0,top,D1,,,LED_D3.0mm,LED,tht
124.46,-88.9,0.0,top,D2,,,LED_D3.0mm,LED,tht
124.46,-96.52,0.0,top,D3,,,LED_D3.0mm,LED,tht
124.46,-104.14,0.0,top,D4,,,LED_D3.0mm,LED,tht
124.46,-111.76,0.0,top,D5,,,LED_D3.0mm,LED,tht
120.65,-81.28,180.0,top,R1,,,R_Axial_DIN0207_L6.3mm_D2.5mm_P7.62mm_Horizontal,R,tht
120.65,-88.9,180.0,top,R2,,,R_Axial_DIN0207_L6.3mm_D2.5mm_P7.62mm_Horizontal,R,tht
120.65,-96.52,180.0,top,R3,,,R_Axial_DIN0207_L6.3mm_D2.5mm_P7.62mm_Horizontal,R,tht
120.65,-104.14,180.0,top,R4,,,R_Axial_DIN0207_L6.3mm_D2.5mm_P7.62mm_Horizontal,R,tht
120.65,-111.76,180.0,top,R5,,,R_Axial_DIN0207_L6.3mm_D2.5mm_P7.62mm_Horizontal,R,tht
148.59,-105.41,0.0,top,U1,,,RPi_Pico_SMD_TH,Pico,tht
129.54,-119.38,0.0,top,UMPU-1,,,PinHeader_1x08_P2.54mm_Vertical,~,tht
